link,title
http://game4v.com/cong-dong/bang-cuop-the-ky-dang-cap-quy-co-phan-phim-duoc-mong-doi-nhat-trong-thang-6-nay-511382.g4v,Băng Cướp Thế Kỷ: đẳng cấp quý cô phần phim được ... - Game4V
https://vuviphim.com/bang-cuop-the-ky-dang-cap-quy-co/,Băng Cướp Thế Kỷ: Đẳng Cấp Quý Cô - Ocean's 8 (2018) Vietsub HD
https://www.youtube.com/watch%3Fv%3D4zM6NzRUp7A,OCEAN'S 8 - BĂNG CƯỚP THẾ KỶ: ĐẲNG CẤP QUÝ CÔ Final ...
https://www.youtube.com/watch%3Fv%3D4zM6NzRUp7A,► 2:14
http://thegioidienanh.vn/bang-cuop-the-ky-dang-cap-quy-co-phan-phim-duoc-mong-doi-nhat-trong-thang-6-24461.html,"""Băng cướp thế kỷ: Đẳng cấp quý cô"" phần phim được mong đợi ..."
https://moveek.com/phim/ocean-s-8/,"Băng Cướp Thế Kỷ: Đẳng Cấp Quý Cô - Ocean's 8 - Thông tin, Lịch ..."
http://herstyle.com.vn/bang-cuop-ky-dang-cap-quy-co-cai-bat-tay-cua-8-nu-quai-kiet/,Băng cướp thế kỷ: đẳng cấp quý cô – cái bắt tay của 8 nữ quái kiệt ...
https://xemphimso.com/phim-bang-cuop-the-ky-dang-cap-quy-co/16416.html,Phim Băng Cướp Thế Kỷ: Đẳng Cấp Quý Cô Full HD - Oceans 8 ...
https://news.zing.vn/video-trailer-bo-phim-bang-cuop-the-ky-dang-cap-quy-co-post847769.html,Trailer bộ phim 'Băng cướp thế kỷ: Đẳng cấp quý cô' - Phim chiếu ...
https://www.123phim.vn/phim/1658-lich-chieu-ocean-8,Băng Cướp Thế Kỷ: Đẳng Cấp Quý Cô - Ocean's 8 (C16) - 123Phim
https://stylemagazine.vn/bang-cuop-the-ky-dang-cap-quy-co-phan-phim-duoc-mong-cho-nhat-thang-6/,Băng cướp thế kỷ: Đẳng cấp quý cô - Phần phim được mong chờ ...
https://www.youtube.com/watch%3Fv%3D9L0avU4UCOs,(Official Trailer) BĂNG CƯỚP THẾ KỶ: ĐẲNG CẤP QUÝ CÔ | KC ...
https://www.youtube.com/watch%3Fv%3D9L0avU4UCOs,► 2:14
http://yeah1movie.com/bang-cuop-the-ky-dang-cap-quy-co-cai-bat-tay-cua-tam-nu-quai-kiet-sap-do-bo/,Băng cướp thế kỷ : Đẳng cấp quý cô cái bắt tay của tám nữ quái kiệt ...
https://baomoi.com/8-my-nhan-hollywood-vao-vai-bang-cuop-the-ky-toan-nu/c/26219874.epi,8 mỹ nhân Hollywood vào vai băng cướp thế kỷ toàn nữ - Báo Mới
https://www.galaxycine.vn/dat-ve/oceans-8,"Phim Ocean's 8: Khi Các ""Chị Đại"" Ra Tay | Galaxy Cinema"
http://www.giadinhmoi.vn/oceans-8-bang-cuop-the-ky-dang-cap-quy-co--phan-phim-duoc-mong-doi-nhat-thang-6-d7922.html,[Ocean's 8] 'Băng cướp thế kỷ: Đẳng cấp quý cô' - phần phim được ...
http://www.hoahoctro.vn/tin-tuc/san-choi-thoi-trang-thoi-thuong-trong-bang-cuop-the-ky-ocean-8-dang-cap-quy-co,“Sân chơi” thời trang thời thượng trong Băng Cướp Thế Kỷ Ocean 8 ...
http://www.giadinhmoi.vn/dan-my-nhan-cua-bang-cuop-the-ky-dang-cap-quy-co-xuat-hien-sang-chanh-tren-tham-do-new-york-d7925.html,Dàn mỹ nhân của 'Băng Cướp Thế Kỷ: Đẳng Cấp Quý Cô' xuất hiện ...
http://vietnamnet.vn/ocean-8-tag179038.html,"Ocean 8,Kim 'siêu vòng 3' bất ngờ xuất hiện trong phim 'Băng cướp ..."
https://lichchieu.net/phim/1153/bang-cuop-the-ky-dang-cap-quy-co-ocean-s-8,"Lịch chiếu, trailer phim Băng Cướp Thế Kỷ: Đẳng ... - LichChieu.net"
https://www.cgv.vn/default/ocean-8-vn.html,Băng Cướp Thế Kỷ: Đẳng Cấp Quý Cô - CGV
https://baomoi.com/dan-my-nhan-cua-bang-cuop-the-ky-dang-cap-quy-co-xuat-hien-sang-chanh-tren-tham-do-new-york/c/26322183.epi,Dàn mỹ nhân của Băng Cướp Thế Kỷ: Đẳng Cấp Quý Cô ... - Báo Mới
https://www.bhdstar.vn/movies/oceans-8/,BĂNG CƯỚP THẾ KỶ: ĐẲNG CẤP QUÝ CÔ - BHD Star Cineplex -
https://lichchieu.net/thong-tin-phim/1153/bang-cuop-the-ky-dang-cap-quy-co-ocean-s-8,Băng Cướp Thế Kỷ: Đẳng Cấp Quý Cô (Ocean'S 8) (2018): trailer ...
http://thoctv.com/phim/bang-cuop-the-ky-dang-cap-quy-co/,Băng Cướp Thế Kỷ: Đẳng Cấp Quý Cô - Ocean's 8 (2018) Vietsub
http://www.giadinhmoi.vn/oceans-8-san-choi-thoi-trang-thoi-thuong-trong-bang-cuop-the-ky-dang-cap-quy-co-d8115.html,[Ocean's 8] 'Sân chơi' thời trang thời thượng trong 'Băng Cướp Thế ...
https://biphim.net/phim/6288-bang-cuop-the-ky-dang-cap-quy-co,Xem Phim Băng Cướp Thế Kỷ: Đẳng Cấp Quý Cô 2018 | Ocean's 8 ...
http://tructiep24h.com/phim-chieu-rap/lich-chieu-lich-phat-song-bang-cuop-the-ky-dang-cap-quy-co-oceans-8-24h578,Lịch chiếu Băng cướp thế kỷ: Đẳng cấp quý cô (Ocean's 8)
http://www.vnmedia.vn/tin-anh/201806/dan-sao-hoi-tu-tai-buoi-ra-mat-phim-bang-cuop-the-ky-dang-cap-quy-co-606296/,Dàn sao hội tụ tại buổi ra mắt phim Băng Cướp Thế Kỷ: Đẳng Cấp ...
http://tructiep24h.com/xem-phim-ocean-8,xem phim ocean 8: Lịch chiếu Băng cướp thế kỷ: Đẳng cấp quý cô ...
https://baomoi.com/bang-cuop-the-ky-dang-cap-quy-co-phan-phim-duoc-mong-doi-nhat-thang-6/c/26322923.epi,'Băng cướp thế kỷ: Đẳng cấp quý cô' - phần phim được mong đợi ...
https://baomoi.com/dang-cap-quy-co-thuy-hang-hao-huc-voi-vu-cuop-the-ky/c/26587511.epi,'Đẳng cấp quý cô' Thúy Hằng háo hức với Vụ cướp thế kỷ - Báo Mới
http://giadinhvatreem.vn/Giai-tri/Bang-Cuop-The-Ky-Dang-Cap-Quy-Co--khac-hoa-8-nu-minh-tinh-dinh-dam-29641,Tạp chí Gia đình và Trẻ em | Băng Cướp Thế Kỷ: Đẳng Cấp Quý Cô ...
https://167.88.125.68/phim/1153/bang-cuop-the-ky-dang-cap-quy-co-ocean-s-8,"Lịch chiếu, trailer phim Băng Cướp Thế Kỷ: Đẳng ... - LichChieu.net"
https://chieuphimquocgia.com.vn/bang-cuop-the-ky-dang-cap-quy-co-(2d)---chi-tiet-film-8785,Trung Tâm Chiếu Phim Quốc Gia-Băng cướp thế kỷ: Đẳng cấp quý ...
http://vietnamnet.vn/vn/giai-tri/phim/co-kim-sieu-vong-3-bat-ngo-xuat-hien-trong-phim-bang-cuop-the-ky-456648.html,"Cô Kim ""siêu vòng 3"" bất ngờ xuất hiện trong phim 'Băng cướp thế kỷ'"
https://www.lichchieu.com/phim/oceans-8,Lịch chiếu Băng Cướp Thế Kỷ: Đẳng Cấp Quý Cô mới nhất tại CGV ...
https://www.ipick.vn/bai-viet/diem-danh-dan-chi-dep-trong-bang-cuop-the-ky-dang-cap-quy-co,Điểm danh dàn chị đẹp trong Băng cướp thế kỷ: Đẳng cấp quý cô
http://game4v.com/cong-dong/bang-cuop-the-ky-dang-cap-quy-co-phan-phim-duoc-mong-doi-nhat-trong-thang-6-nay-511382.g4v,
https://vuviphim.com/bang-cuop-the-ky-dang-cap-quy-co/,
https://xemphimso.com/phim-bang-cuop-the-ky-dang-cap-quy-co/16416.html,
https://vuviphim.com/bang-cuop-the-ky-dang-cap-quy-co/,
http://yeah1movie.com/bang-cuop-the-ky-dang-cap-quy-co-cai-bat-tay-cua-tam-nu-quai-kiet-sap-do-bo/,
http://hoahoctro.vn/tag/thoi-trang-trong-bang-cuop-the-ky-ocean-8,thời trang trong Băng Cướp Thế Kỷ Ocean 8 - Hoa học trò
http://stylemagazine.vn/the/oceans-8/,OCEAN'S 8 Archives | Tạp chí Style
http://vietnamnet.vn/vn/giai-tri/phim/8-my-nhan-hollywood-vao-vai-bang-cuop-the-ky-toan-nu-453783.html,8 mỹ nhân Hollywood vào vai băng cướp thế kỷ toàn nữ - VietNamNet
http://netnews.vn/8-my-nhan-Hollywood-vao-vai-bang-cuop-the-ky-toan-nu-giai-tri-3-28-1574513.html,8 mỹ nhân Hollywood vào vai băng cướp thế kỷ toàn nữ - Phim ảnh ...
http://surtec.com.vn/article/2482/http-netnews-vn/8-my-nhan-Hollywood-vao-vai-bang-cuop-the-ky-toan-nu-giai-tri-3-28-1574513,8 mỹ nhân Hollywood vào vai băng cướp thế kỷ toàn nữ
https://news.zing.vn/phim-trom-cap-ocean-s-8-thoi-luong-gio-moi-cho-phong-ve-bac-my-post850491.html,Phim trộm cắp 'Ocean's 8' thổi luồng gió mới cho phòng vé ... - Zing.vn
http://www.twdaily.fun/8-my-nhan-hollywood-vao-vai-bang-cuop-the-ky-toan-nu-20180530.html,8 mỹ nhân Hollywood vào vai băng cướp thế kỷ toàn nữ - Vietnam24h
http://vip.netnews.vn/8-my-nhan-Hollywood-vao-vai-bang-cuop-the-ky-toan-nu-giai-tri-3-28-1574513.html,8 mỹ nhân Hollywood vào vai băng cướp thế kỷ toàn nữ - NetNews
http://megaclip.vn/phim/8-my-nhan-hollywood-vao-vai-bang-cuop-the-ky-toan-nu-xem-8485.play,8 mỹ nhân Hollywood vào vai băng cướp thế kỷ toàn nữ| megaclip.vn
http://tidaco.net.vn/article/2482/http-netnews-vn/8-my-nhan-Hollywood-vao-vai-bang-cuop-the-ky-toan-nu-giai-tri-3-28-1574513,8 mỹ nhân Hollywood vào vai băng cướp thế kỷ toàn nữ
https://www.camo.vn/2018/06/san-choi-thoi-trang-thoi-thuong-trong-bang-cuop-the-ky-ocean-8-dang-cap-quy-co/,“Sân chơi” thời trang thời thượng trong Băng Cướp Thế Kỷ Ocean 8 ...
http://hoahoctro.vn/tin-tuc/choang-ngop-voi-dan-khach-moi-sieu-dong-sieu-hoanh-trang-cua-phim-oceans-8,Choáng ngợp với dàn khách mời siêu đông siêu hoành tráng của ...
http://www.twdaily.fun/24h/8-my-nhan-hollywood-vao-vai-bang-cuop-the-ky-toan-nu-20180530.html,8 mỹ nhân Hollywood vào vai băng cướp thế kỷ toàn nữ - Vietnam24h
http://tructiep24h.com/lich-chieu-ocean-8-2018,lich chieu ocean 8 2018: Lịch chiếu Băng cướp thế kỷ: Đẳng cấp ...
http://tiin.vn/chuyen-muc/phim/diem-danh-dan-chi-dep-xuat-hien-trong-bang-cuop-the-ky-dang-cap-quy-co.html,Điểm danh dàn 'chị đẹp' xuất hiện trong 'Băng cướp thế kỷ: Đẳng ...
http://samcuhanquoc.com.vn/article/2482/http-netnews-vn/8-my-nhan-Hollywood-vao-vai-bang-cuop-the-ky-toan-nu-giai-tri-3-28-1574513,8 mỹ nhân Hollywood vào vai băng cướp thế kỷ toàn nữ
https://moveek.com/bai-viet/ocean-8-dien-vien-chinh-vui-la-chinh/,"Trước khi cùng nhau thành lập một băng cướp, các nữ nhân nổi ..."
http://tructiep24h.com/lich-chieu-ocean-8,lich chieu ocean 8: Lịch chiếu Băng cướp thế kỷ: Đẳng cấp quý cô ...
https://sky.vn/bang-cuop-the-ky-dang-cap-quy-co-phan-phim-duoc-mong-doi-nhat-trong-thang-6/,'Băng cướp thế kỷ: Đẳng cấp quý cô' phần phim được mong đợi ...
http://songmoi.net/giai-tri/dien-anh/kim-sieu-vong-3-bat-ngo-xuat-hien-trong-phim-bang-cuop-the.html,"Kim ""siêu vòng 3"" bất ngờ xuất hiện trong phim ""Băng cướp thế ..."
https://www.lichchieu.net/phim/1153/ten-trom-the-ky-ocean-s-8%3Fcity%3Dtra-vinh,"Lịch chiếu, trailer phim Băng Cướp Thế Kỷ: Đẳng Cấp Quý Cô tại ..."
http://songmoi.net/giai-tri/dien-anh/8-my-nhan-hollywood-vao-vai-bang-cuop-the-ky-toan-nu.html,8 mỹ nhân Hollywood vào vai băng cướp thế kỷ toàn nữ - songmoi.net
https://viewnews.vn/chua-buoi-cong-chieu-phim-nao-quy-tu-nhieu-sao-bom-tan-nhu-ocean-8-dang-cap-quy-co/,Chưa buổi công chiếu phim nào quy tụ nhiều sao “bom tấn” như ...
http://vnews24h.com/sn-choi-thoi-trang-thoi-thuong-trong-bang-cuop-the-ky-ocean-8-dang-cap-qu-c-tin-moi-24h-321064.html,“Sân chơi” thời trang thời thượng trong Băng Cướp Thế Kỷ Ocean 8 ...
https://xemphim73.com/info/bang-cuo%25CC%2581p-the%25CC%2581-ky%25CC%2589-da%25CC%2589ng-ca%25CC%2581p-quy%25CC%2581-co,Phim Băng Cướp Thế Kỷ: Đẳng Cấp Quý Cô - HD
http://vip.netnews.vn/8-my-nhan-hollywood-vao-vai-bang-cuop-the-ky-toan-nu-giai-tri-3-28-1574513.html,8 mỹ nhân Hollywood vào vai băng cướp thế kỷ toàn nữ - NetNews
http://elinformante.info/article/74/http-vietbao-vn/The-gioi-giai-tri/8-my-nhan-Hollywood-vao-vai-bang-cuop-the-ky-toan-nu/590453783/233/,8 mỹ nhân Hollywood vào vai băng cướp thế kỷ toàn nữ
http://vietbao.vn/The-gioi-giai-tri/8-my-nhan-Hollywood-vao-vai-bang-cuop-the-ky-toan-nu/590453783/233/,8 mỹ nhân Hollywood vào vai băng cướp thế kỷ toàn nữ - Vietbao
http://thoibao.today/paper/dang-cap-quy-co-thuy-hang-hao-huc-voi-vu-cuop-the-ky-3181604,'Đẳng cấp quý cô' Thúy Hằng háo hức với Vụ cướp thế kỷ - Thời Báo
http://m.netnews.vn/Ocean-8-517317-tags.html,Ocean 8 - NetNews.vn
http://www.8saigon.vn/index.php/2018/06/07/bang-cuop-the-ky-dang-cap-quy-co-phan-phim-duoc-mong-doi-nhat-trong-thang-6-nay/,Băng cướp thế kỷ: Đẳng cấp quý cô phần phim được mong đợi nhất ...
http://m.tinngan.vn/readnew.aspx%3Fpid%3D3%26cid%3D28%26id%3D1574513,8 mỹ nhân Hollywood vào vai băng cướp thế kỷ toàn nữ - NetNews
http://baonhanh247.com/bai-viet/dan-my-nhan-cua-bang-cuop-the-ky-dang-cap-quy-co-xuat-hien-sang-chanh-tren-tham-do-new-york-4380047,Dàn mỹ nhân của Băng Cướp Thế Kỷ: Đẳng Cấp Quý Cô xuất hiện ...
http://2sao.vn/phim-chieu-rap-sieu-hot-oceans-8-se-ra-rap-thang-6-n-156207.html,8 nữ quái tài sắc trong vụ trộm thế kỷ - 2Sao
https://lottecinemavn.com/en-us/phim/bang-cuop-the-ky-%25C4%2591ang-cap-quy-co.aspx,An error occurred. - Lotte cinema - Lotte Cinema - Movie theater at ...
http://www.tintm.com/chu-de/doi-song/8-my-nhan-hollywood-vao-vai-bang-cuop-the-ky-toan-nu-2046408.html,8 mỹ nhân Hollywood vào vai băng cướp thế kỷ toàn nữ - TinTM.com
http://thoibao.today/paper/diem-danh-dan-chi-dep-xuat-hien-trong-bang-cuop-the-ky-dang-cap-quy-co-3176397,Điểm danh dàn 'chị đẹp' xuất hiện trong 'Băng cướp thế kỷ: Đẳng ...
http://vietnamnet.vn/adriana-lima-tag97978.html,"Adriana Lima,8 mỹ nhân Hollywood vào vai băng cướp thế kỷ toàn nữ"
http://fcviet.com/dan-minh-tinh-bang-cuop-the-ky-khoe-sac-rang-ro-trong-buoi-cong-chieu-o-london-34228.html,Dàn minh tinh “Băng cướp thế kỷ” khoe sắc rạng rỡ trong buổi công ...
http://tepbao.com/phim-anh/8-my-nhan-hollywood-vao-vai-bang-cuop-the-ky-toan-nu/1161387.html,8 mỹ nhân Hollywood vào vai băng cướp thế kỷ toàn nữ - 8 my nhan ...
http://thoibao.today/paper/bang-cuop-the-ky-dang-cap-quy-co-3146698,Băng Cướp Thế Kỷ: Đẳng Cấp Quý Cô - Thời Báo - Thoibao.today
https://vtimes.com.au/tam-my-nhan-hollywood-vao-vai-bang-cuop-the-ky-toan-nu-2985828.html,Tám mỹ nhân Hollywood vào vai băng cướp thế kỷ toàn nữ | Giải Trí
http://www.thanhnien.xyz/8-my-nhan-hollywood-vao-vai-bang-cuop-the-ky-toan-nu-20180530.html,8 mỹ nhân Hollywood vào vai băng cướp thế kỷ toàn nữ - Vietnam24h
http://truyenhinhthanhhoa.vn/the-gioi/201806/oceans-8-dung-dau-bxh-doanh-thu-phong-ve-bac-my-8127505/,"""Ocean's 8"" đứng đầu BXH doanh thu phòng vé Bắc Mỹ - Đài Phát ..."
http://yeah1movie.com/loat-sao-holywood-khoe-sac-tham-do-bo-phim-bang-cuop-the-ky-dang-cap-quy-co/,Loạt sao holywood khoe sắc trên thảm đỏ bộ phim Băng cướp thế kỷ
http://pda.vietbao.vn/The-gioi-giai-tri/8-my-nhan-Hollywood-vao-vai-bang-cuop-the-ky-toan-nu/590453783/233/,8 mỹ nhân Hollywood vào vai băng cướp thế kỷ toàn nữ - VietBao Pda
https://vn.city/8-my-nhan-hollywood-vao-vai-bang-cuop-the-ky-toan-nu.html,8 mỹ nhân Hollywood vào vai băng cướp thế kỷ toàn nữ.
http://thoibao.today/paper/diem-danh-dan-chi-dep-trong-bang-cuop-the-ky-3180721,Điểm danh dàn “chị đẹp” trong Băng cướp thế kỷ - Thoibao.today
http://vietnamnet.vn/kim-kardashian-tag31804.html,"Kim Kardashian,Kim 'siêu vòng 3' bất ngờ xuất hiện trong phim ..."
https://www.vietnamplus.vn/dan-nu-tuong-cuop-trong-oceans-8-cuop-ngoi-phong-ve-bac-my/507388.vnp,"Dàn ""nữ tướng cướp"" trong ""Ocean's 8"" cướp ngôi phòng vé Bắc Mỹ ..."
https://vtimes.com.au/kim-sieu-vong-ba-bat-ngo-xuat-hien-trong-phim-bang-cuop-the-ky-2996672.html,"Kim ""siêu vòng ba"" bất ngờ xuất hiện trong phim ""Băng cướp thế kỷ ..."
https://thoibao.today/paper/diem-danh-dan-chi-dep-trong-bang-cuop-the-ky-3180721,Điểm danh dàn “chị đẹp” trong Băng cướp thế kỷ - Thoibao.today
http://www.twdaily.fun/kim-sieu-vong-3-bat-ngo-xuat-hien-trong-phim-bang-cuop-the-ky-20180614.html,Kim 'siêu vòng 3' bất ngờ xuất hiện trong phim 'Băng cướp thế kỷ ...
http://danongmagazine.vn/diem-mat-dan-nu-quai-hollywood-trong-oceans-8/,Điểm mặt “dàn nữ quái Hollywood” trong “Ocean's 8” Tạp Chí TTVH ...
http://www.vietgiaitri.com/phim/phim-au-my/201806/oceans-8-bang-cuop-quy-co-day-hai-huoc-va-sang-chanh-3229253/,'Ocean's 8' Băng cướp quý cô đầy hài hước và sang chảnh - Phim ...
http://giaitrinhanh.com/8-my-nhan-hollywood-vao-vai-bang-cuop-the-ky-toan-nu/,8 mỹ nhân Hollywood vào vai băng cướp thế kỷ toàn ... - Giải trí nhanh
http://daubao.com/tin-tuc/phim-bang-cuop-the-ky-dang-cap-quy-co,TIN PHIM BĂNG CƯỚP THẾ KỶ: ĐẲNG CẤP QUÝ CÔ mới nhất ...
http://www.tintm.com/chu-de/doi-song/kim-sieu-vong-3-bat-ngo-xuat-hien-trong-phim-bang-cuop-the-ky-2068153.html,Kim 'siêu vòng 3' bất ngờ xuất hiện trong phim 'Băng cướp thế kỷ ...
http://news.gamemod.mobi/2018/06/07/bang-cuop-the-ky-dang-cap-quy-co-phan-phim-duoc-mong-doi-nhat-trong-thang-6-nay/,Băng Cướp Thế Kỷ: đẳng cấp quý cô phần phim được mong đợi ...
http://www.twdaily.fun/tag/sandra-bullock,Sandra Bullock - Vietnam24h
http://www.vietnam24h.stream/8-my-nhan-hollywood-vao-vai-bang-cuop-the-ky-toan-nu-20180530.html,8 mỹ nhân Hollywood vào vai băng cướp thế kỷ toàn nữ - Vietnam24h
http://tepbao.com/phim-anh/kim-sieu-vong-3-bat-ngo-xuat-hien-trong-phim-bang-cuop-the-ky/1185184.html,Kim siêu vòng 3 bất ngờ xuất hiện trong phim Băng cướp thế kỷ ...
http://ngao.vn/phim-trom-cap-oceans-8-thoi-luong-gio-moi-cho-phong-ve-bac-my-5648.html,Phim trộm cắp 'Ocean's 8' thổi luồng gió mới cho phòng vé Bắc Mỹ ...
http://t3.gstatic.com/images%3Fq%3Dtbn:ANd9GcSuipAJjxaglxM2KThpN5njfzpVDCX8n1Tv-fmv9lWrWc1ZcxnI,
https://vi.wikipedia.org/wiki/B%25C4%2583ng_c%25C6%25B0%25E1%25BB%259Bp_th%25E1%25BA%25BF_k%25E1%25BB%25B7:_%25C4%2590%25E1%25BA%25B3ng_c%25E1%25BA%25A5p_qu%25C3%25BD_c%25C3%25B4,Wikipedia
